No.,Question,Correct Answer,Choice A,Choice B,Choice C,Choice D
1,Public policy problems are those that must not be addressed by laws and regulations adopted by government,False,True,,,
2,The short text messages in Twitter are called,tweets,,,,
3,Kantian is a philosophical view or theory about how we should evaluate a wide range of things that involve choices that people face.,False,True,,,
4,It is when laws are used to resolve interpersonal conflicts in a society.,Conflict Resolution,,,,
5,There is a reason that certain people advance more quickly than others in their careers. They have mastered the art of speaking-up by having a balanced voice that their colleagues respect and admire.,True,False,,,
6,Employees must have illegal drugs in their possession while at work. Any illegal drugs found on Departmental property or in the possession of any person on Departmental property will be reported to the Police,False,True,,,
7,"Under Article 106 of our Labor Code, payment should be made directly to the employee and under Article 114, no deductions from the wages are allowed.",True,False,,,
8,It comes from an enforceable part of the moral code that differs with each society and culture.,conventional law,,,,
9,It is an act of seeking public attention to what is considered an illegal or mismanaged act,whistle-blowing,,,,
10,Digital Signature,Authentication,,,,
11,Immanuel Kant is a __________________ philosopher,German,Greek,Asian,Filipino,
12,The decisions we make all occur within a complex set of relationships and interconnections Rare decisions purely autonomous...,Consider all relationships,List the risk and consequences,List the Major Stakeholder,Context,
13,It can cause harm by failing to uphold standards of accuracy,misrepresentations,,,,
14,Ideas are one type of opinion that is critical to voice with peers or leaders because they shape the future of the organization.,Submitting Ideas,Constructive Feedback,Staying Silent,Leadership,
15,"Sometimes, it's prudent to not voice an opinion, depending on the leader, the venue and the other people present.",Staying Silent,Leadership,Submitting Ideas,Constructive Feedback,
16,The person using the ____________________ desires to produce the most good,Consequentialist Framework,Framework,Virtue Framework,Duty Framework,
17,Which of the following does not describe the word ethics?,widely shared social conventions about right and wrong,,,,
18,These are acts which violate the constitutional right workers to organize...,Unfair Labor Practices,Employee's right to self-organization and the right to strike,Anti Sexual Harassment Law,Valid termination of Employment,
19,"Attending social business mixers, sending an email just to catch up, or giving them a call to congratulate them on a promotion.",Stay Connected,Be Supportive,Collaborate with your Business Partners,Don't Compete,
20,A sociologist who wrote a paper 'Broad and Narrow Socialization: The Family in the Context of a Cultural Theory',Jeffrey J Arnett,John A Connect,Jeff J Nett,Peter Arnett,
21,Employees working with children are also required to report if an Apprehended Violence Order has been issued against them...,True,False,,,
22,The main protection method for Vital Records is through Duplication/Dispersal of records.,True,False,,,
23,These individuals test the limitations of information systems out of intellectual curiosity,Hackers,,,,
24,It usually refers to the knowledge and skills required to carry out activities.,Competencies,Mission,Work,Motivation,
25,Employees should get a comprehensive ______________ package that includes eligible dependents...,Healthcare,Retirement,Educational,Dental,
26,There are however exceptions to these provisions when payment to another person of any part of the employee's wages is authorized by existing law...,True,False,,,
27,GSIS is an insurance program mandated by the Philippine government to cover all income earners or workers in the private sector...,False,True,,,
28,Confidential information is regularly handled by the following except:,House,hospitals,financial institutions,religious authorities,
29,Rules that guides individual actions such as not taking the possessions of others are called,directives,,,,
30,The rate is increased to thirty percent (30%) if the worker renders overtime on a holiday or rest day.,True,False,,,
31,"Pab-IBIG provides housing loans, calamity loans, and multi-purpose loans to employees in the Philippines.",True,False,,,
32,"It has been linked to depression, self-injurious behaviors, sleep disturbances...",internet addiction,,,,
33,Individuals whose data are mined can become identified with or linked to certain newly created groups.,True,,,,
34,"In order for professions and trades to uphold essential requirements, integrity, commitment, and professional codes of conduct must be met.",False,,,,
35,A notable difference between minor and gross professional misconduct is the respective level of sanctions that can be applied in each case.,True,False,,,
36,The two kinds of rules of conduct; Directives which involves the macroethical level and Social policies that involves the microethical level.,False,,,,
37,It is threatening behavior or unwanted advances directed at an adult using the Internet or other forms of online and electronic communications,Cyberstalking,,,,
38,It is the core of human dignity and autonomy,privacy,,,,
39,He is one of the leading proponents of what is now called 'classic utilitarianism',Jeremy Bentham,Plato,Conficious,Immanuel Kant,
40,The employee cannot compel his employer to allow him to work overtime when the circumstances does not require him to do so...,True,False,,,
41,A common workplace __________________ involves a manager and his or her employee who are married or dating...,Conflict of Interest,Unethical Profession,Professional Misconduct,Gross Misconduct,
42,"Before taking action, it is a good idea to make sure that you have gathered all of the pertinent information...",Gather all the relevant information,Recognizing an ethical issue,Consider the parties involved,Formulate actions and consider alternatives,
43,According to this theory actions are judged according on the results.,Consequentialism,,,,
44,Men who have experienced sexual or physical abuse at the hands of their partners are twice as likely to have an abortion...,False,True,,,
45,Creating weak business connections can be easier said than done if you don't cultivate and nurture the relationship.,False,True,,,
46,Stalking is a course of conduct directed at a specific person...,Stalking,Roberry,Dating Violence,Drug Violations,
47,"When you voice your opinion consistently, you set a tone for yourself...",Command Respect,No Answer,Strengthen Your Influence,Organizational Performance,
48,Employees are accountable for any documents that they sign.,True,False,,,
49,It mandates the fixing of the minimum wages applicable to different industrial sectors...,RA 6727,RA 6622,RA 6722,RA 6277,
50,"Once the decision is made, communicated and implemented, it is not important to review it...",False,True,,,
51,All stakeholders should be able to understand the rationale and be able to live with the decision.,True,False,,,
52,Immanuel Kant is a __________________ philosopher.,German,Greek,Filipino,Asian,
53,"Gambling in the workplace, other than harmless team building activities... are welcomed.",False,True,,,
54,Every employee shall be assured security of tenure...,Security of Tenure,Work Days and Work Hours,Weekly Rest Day,Equal Work Opportunities for All,
55,It is a messaging social platform that enables a user to chat with friends by using pictures,snapchat,,,,
56,One of the most important things to do at the beginning of ethical deliberation is to locate the specifically ethical aspects...,Recognizing an ethical issue,Formulate actions and consider alternatives,Gather all the relevant information,Consider the parties involved,
57,The Paternity Leave benefit is effective up to the first four deliveries of the woman employee working in the company.,False,True,,,
58,"It is an employee's behaviour, which is serious enough to potentially destroys the relationship between an employer and employee.",Gross Misconduct,Professional Misconduct,Unethical Profession,Conflict of Interest,
59,Which is true about Licensing Authorities...,I & II,,,,
60,"Humans are not perfect; they are emotional, biased, easily manipulated and easily bored beings. Machines, however, don't have any of these problems",Safety,,,,
61,It is a system created by and for human beings usually in public deliberations...,Conventional Law,,,,
62,There are however exceptions to these provisions when the employee authorized his employer in writing to pay his wages to a member of his family,True,False,,,
63,It is an unwritten law that holds our rights of self-preservation,natural law,,,,
64,"It is a Website that contains an online personal journal with reflections, comments, and often hyperlinks provided by the writer",blog,,,,
65,Under time work on any particular day shall not be offset by overtime work on any other day.,True,False,,,
66,Adult women and girls account for 71 percent of all human trafficking victims detected globally.,True,False,,,
67,Inappropriate worker behaviour can also be incorporated in a code of conduct.,True,False,,,
68,Building strong business relationships can be an effective way to decrease your chances of success...,False,True,,,
69,___________ teaches impulse control and helps individuals develop a conscience.,Socialization,Interconnection,Rationalization,Systematization,
70,"In the language of utilitarians, we should choose the option that 'maximizes utility'...",True,False,,,
71,Disability insurance replaces all or part of the income that is lost when a worker is unable to perform their job...,True,False,,,
72,Deontology is based from the work of this philosopher.,Immanuel Kant,John Stuart Mill,Aristotle,Jeremy Bentham,
73,The main protection method for Vital Records is through _______________,Duplicaton,Disposal,Management,Keeping,
74,They use hacking to achieve a political or social goal,hacktivists,,,,
75,Actions taken by members of a profession must not be consistent with the values set out in the profession's code of ethics.,False,True,,,
76,Which of the following refers to a disciplined group of individuals who adhere to ethical standards...,Profession,Company,Work,Government,
77,Is the statement 'Effective ethics codes are not merely a text' true?,True,False,Maybe,No Answer,
78,It is an unethical or unprofessional behaviour that falls short of the ethical or professional standards...,Professional Misconduct,Professionalism,Professional Integrity,Professional Competency,
79,Our actions have consequences on others in our society and on the environment in which we live.,True,False,,,
80,These are any perks offered to employees in addition to salary,Employee Benefits,Salary,Insurances,Fees,
81,"Some issues become considered a personal problem only if citizens, policymakers, or other parties call attention...",False,True,,,
82,It is used to specify the technologies which must be used for a specific task...,Standards and Guidelines,Importance of Organizational Policies,Minimize Cost,Internal Controls,
83,AIs are able to automating parts of people's jobs and it wont affect the employment rate in a company,False,,,,
84,There are ___________ frameworks that is useful in ethical decision making.,Three,Four,Two,Five,
85,_______________ of the Labor Code of the Philippines (LCP) describes different types of employment...,Article 280,Article 028,Article 820,Article 082,
86,When you withhold information,Secrecy,Privacy,Confidentiality,Restriction,
87,Licensees shall obtain written __________ from the parents who are participating in the evaluation...,Waivers of Confidentiality,Contract,Letter,Signature,
88,"Dramatizations, translations, and adaptations of musicals are example of",derivative works,,,,
89,Relying on an individual's or a society's personal choices is analogous to using our sense of touch to determine the extent of a child's fever.,True,False,,,
90,Politicians and attorneys take the Hippocratic Oath to provide the best medical care...,False,True,,,
91,__________ use policies and procedures to outline rules outline courses of action to deal with problems.,Organization,Leaders,Group,Team,
92,These are guidelines that state the dos and dont's of a professional that protects individual members and their image.,Professional Code,,,,
93,The danger with information matching is that everyone knows who will use the built profiles...,False,,,,
94,Which of the following does not belong to the group?,Collective marks,,,,
95,Excellent customer service goes beyond doing precisely as your expected...,True,False,,,
96,Serious proper use of an organization's property or name is considered gross misconduct,True,False,,,
97,A moral principle is a categorical imperative that is universalizable...,True,False,,,
98,It is an interpretation is done based on a system that uses a process of argumentation...,Ethical theories,,,,
99,It is written to guide behavior.,Codes of Ethics,Acts,Rules & Regulations,Mission & Vision,
100,Codes can help provide the pride of belonging to a group or a profession.,Codes of ethics can function as a professional statement,,,,
101,It is any condition or behavior that has negative consequences for large numbers of people...,Social Issues,Security Issues,Political Issues,Personal Issues,
102,Employees who are working with children are also required to report if an Apprehended Violence Order has been issued...,True,False,,,
103,This penalty will cause an accused to be imprisoned for two to four decades,reclusion perpetua,,,,
104,"When two persons have jointly made an invention, the right to the patent shall belong to _______",Both of them,,,,
105,It is a gender related issue where there are approximately 774 million illiterate adults in the world...,Education,Women Rights,Illiteracy,Economic Independence,
106,Secret-key Encryption,Symmetric encryption,,,,
107,These are words or phrases interrelated to ethics.,"Moral Duty, Obligation and Self-Reflection","Mortality, Obligation and Self-Reflection","Moral Duty, Obligation and Self-Respect","Moral Duty, Objectivity and Self-Reflection",
108,Harassment is a form of discrimination and it mainly involves making decisions that negatively affect an individual,False,,,,
109,"Ethical decisions cannot generate and sustain trust; demonstrate respect, responsibility, fairness and caring...",False,True,,,
110,Ethical decision making is the process of making a decision which may result in one or more moral conflicts...,True,,,,
111,Personal emotions behind actions also do not matter within Kantian deontology...,True,False,,,
112,Frauds are sometimes a form of collaboration between an employee and a non-employee,True,,,,
113,It is the position that all points of view are equally valid...,Relativism,Consequential,Rights,Ethical,
114,An employee's prime responsibility is to place the ______________ interest above their own personal interests,Public,Organizational,Company,Boss',
115,It also means the quality of possessing high moral principles or professional standards...,Integrity,Objectivity,Greed,Accountability,
116,Coded Messages,Cryptography,,,,
117,Which is not true about an Insider Threat,The only suspects are employees,,,,
118,"An individual is not responsible for his/her own happiness, emotional well-being...",False,True,,,
119,"The increasing level of familiarity in human actions, may it be good or bad is called _______",Moral Decay,,,,
120,Socialization is the process through which people are taught to be proficient members of a society.,True,False,,,
121,Respect for client confidentiality and staff personal information should be a low priority...,False,True,,,
122,It takes part in building character traits in people.,morality,,,,
123,Which does not belong to the group?,Works of Applied Art,,,,
124,E-mail Fraud,Phishing,,,,
125,It involves the indirect gathering of personal information through an analysis of implicit patterns...,Data Mining,,,,
126,They have a responsibility to ensure that all employees reporting to them comply with their records management obligations.,Managers and Supervisors,Janitors,CEO,Employees,
127,"You shall develop your professional knowledge, skills and competence on a continuing basis...",True,False,No Answer,Maybe,
128,Determinative Laws fixes ways of acting in accordance with natural law.,True,,,,
129,Vital Records should be stored in a format that will last as long as the records are needed.,True,False,,,
130,It is in a format only readable by specific equipment...,Vital Records,Receipt,Books,Information,
131,Codes of Ethics are designed to anticipate and prevent certain specific types of behavior...,True,False,,,
132,Individuals found guilty of child pornography violated _______________,Anti-Child Pornography Act of 2009,,,,
133,Shapes and colors,Trademark,,,,
134,Republic Act No 8293 is also known as the __________,intellectual property code of the Philippines,,,,
135,Long-term success to ending world hunger starts with ending _______________.,Poverty,Democracy,Scarcity,Corruption,
136,Computer programs,Original works,,,,
137,"Upon the age of 80 years or higher, the employee who has served a company for at least five years may be granted a retirement pay...",False,True,,,
138,Which of the following is not true about blogs?,Communicate with one another through e-messaging services that include video,,,,
139,Which is true about Morality?,"It prevents harm and suffering, a moral system aims at promoting human flourishing",,,,
140,A patent must not be obvious to the general public,False,,,,
141,"It means conforming to a rule, such as a specification, policy, standard or law",Compliance,Confirmation,Ethics,Regulation,
142,Public policy problems are those that must not be addressed by laws and regulations adopted by government.,False,True,,,
143,There are two major ethics theories that attempt to specify and justify moral rules and principles: ethical relativism and deontological ethics.,False,True,,,
144,Reckless hindering,System Interference,,,,
145,Dating violence is violence by a person who is or has been in a social relationship...,Dating Violence,Arson,Criminal Mischief,Burglary,
146,"No matter what the situation or the position is, an employee who attends and leaves the office late must be appreciated...",False,True,,,
147,Unauthorized access,Cybertrespass,,,,
148,The decision-making process is developed that individuals tend to execute automatically... The step that involves others in brainstorming is __________.,Identify Alternatives,,,,
149,"You shall respect and value alternative viewpoints and, seek, accept and offer honest criticisms of work.",True,False,,,
150,Ethical behavior should become a habit and effective codes allow both bureaucrats and elected officials to test their actions...,Codes of ethics increase the probability that people will behave in certain ways,,,,
151,Workers should get at least ____ paid regular holidays and seven special holidays annually,12,15,10,3,
152,Its goal is to create a buzz about a product or idea that spreads wide and fast,viral marketing,,,,
153,"To ensure confidentiality, workers should only access confidential information for work that is not covered by their job description...",False,True,,,
154,It is a mediation of interaction through an electronic medium between humans and humans as well as between humans and machines,virtualization,,,,
155,The employee who renders overtime will be given additional compensation equivalent to his regular wage plus at least 25% premium.,Overtime Pay,Holiday Pay,13th Month Pay,Retirement Pay,
156,You cannot require as a condition of employment or continuation of employment that a woman employee shall not get married.,Prohibition against stipulation of marriage,Employment of Children,Payment of Wages,Female Employees,
157,Ethics is not the same as feelings. Feelings provide important information for our ethical choices.,True,False,,,
158,"No matter what option is being discussed, any viable solution to an ethical situation will need to reflect the values of all parties involved.",True,False,,,
159,One of the most important elements of confidentiality is that it helps to build and develop __________________,Trust,Business,Partnership,Relationship,
160,These rights are expressly provided by the 1987 Constitution and the Labor Code...,Employee's right to self-organization and the right to strike,Valid termination of Employment,Anti Sexual Harassment Law,Unfair Labor Practices,
161,Confidentiality is the keeping of another person or entity's information public,False,True,,,
162,"No code, no matter how severely enforced will make truly bad people good.",True,False,,,
163,"As you mature in your career, so should your voice.",True,False,Maybe,No Answer,
164,Being able to maintain politeness and control even when dealing with distraught patients is not a valuable skill.,False,True,,,
165,Relationships that enable trust and bring exceptional results don't happen unless there's a conscious intention to make them happen.,True,False,,,
166,"Reportable conduct does not mean any sexual offence or sexual misconduct committed against, with or in the presence of a child...",False,True,,,
167,It is one of the most powerful and persuasive approaches to normative ethics in the history of philosophy.,Utilitarianism,Relativism,Deontology,Kantian Ethics,
168,The primary purpose of professional code of ethics is to promote the public image of the profession...,False,,,,
169,"A good professional partnership is not only powerful and long lasting, but highly supportive as well.",Be Supportive,Don't Compete,Stay Connected,Collaborate with your Business Partners,
170,The word deontology derives from the Greek words for duty (deon) and science (or study) of (logos).,True,False,,,
171,The Code does not attempt to provide a detailed and exhaustive list of what to do in every aspect of our work...,True,False,,,
172,It is the desire to do the right thing regardless of the cost,Commitment,Conduct,Consciousness,Competency,
173,"You can not show good judgment in the way you dress, speak and act in both your public and private life.",False,True,,,
174,They launch computer-based attacks against other computers or networks in an attempt to intimidate or coerce a government...,cyberterrorist,,,,
175,It will be important to consider for clinical and non-clinical situations...,Context,List the Major Stakeholder,List the risk and consequences,Consider all relationships,
176,AIs are software programs that are vulnerable to attack just like all software,True,,,,
177,It is a situation in which someone in a position of responsibility in an organization has outside conflicting interests...,Self-Dealing,Conflict of Interest,Principles,Nepotism,
178,This theory states that ethical statements cannot be proven and are really only statements about how someone feels.,emotivism,,,,
179,Ethics is defined as a field of inquiry whose subject is human actions and these human actions are called,human conduct,,,,
180,Witness Protection,Pseudo identity,,,,
181,"It is a cultural difference where some cultures view conflict as a positive thing, whilst others try to avoid it.",Different attitude towards conflict,Different attitude towards disclosure,Different approaches to completing task,Different non verbal communication style,
182,If a breach of confidentiality occurs regarding medical or legal information...,Professional License,Business Permit,Student Records,Diploma,
183,"By providing increased access and flexibility in employee benefits, employers can not only recruit but retain qualified employees.",True,False,,,
184,Match the following words to the given choices,Match the following words to the given choices,,,,
185,Preventing of unauthorized disclosure of information,Confidentiality,,,,
186,Individuals whose data are mined cannot be identified with or linked to certain newly created groups.,False,,,,
187,"A/an ____________may reveal client confidences and secrets, to the extent reasonably necessary",Lawyer,Business Partner,CEO,Employee,
188,"The RA No 8187, or Paternity Leave Act of 1996, grants seven days of fully paid leave to married fathers...",True,False,,,
189,"'For my thoughts are not your thoughts, neither are your ways my ways,' declares the Lord",Isaiah 55:8,Ephesians 4:2,Peter 5:8,John 15:12,
190,Resourcefulness is the ability to find solutions where there are no easy answers...,True,False,,,
191,More than __________ children throughout the globe that are of the age to be in primary education are not enrolled in school.,72 Million,27 Million,72 Billion,27 Billion,
192,It states that the protection of confidential information is a fundamental feature of your relationship with clients...,Chapter 4,Chapter 5,Chapter 6,Chapter 7,
193,"Merriam-Webster defines professionalism as 'the skill, good judgment and polite behavior...'",True,False,,,
194,Which is not an example of maintaining confidentiality?,Gossip,,,,
195,It is a cornerstone of achieving success in the business world that will serve you well throughout your career.,Behaving,Good Services,Creating partnership,Creating credentials,
196,"Personal responsibility refers to a person's individual obligations to herself, family, friends, community and coworkers.",True,False,,,
197,It is a human cognitive process of looking for ways to generate or affirm a proposition,reasoning,,,,
198,It is a three dimensional interactive computer generated environment that incorporates a first person perspective,virtual reality,,,,
199,Showing an act of kindness in exchange to an equal act of kindness is an example what culture-free moral codes?,the bronze rule,,,,
200,The last step on the road to good customer service happens way before any chats or calls with customers...,False,True,,,
201,Which is not a characteristic of an intellectual object:,It is easily owned,,,,
202,Worms are programs where malicious code is hidden inside a seemingly harmless program,False,,,,
203,Scholars and those involved in human research have legal and ethical obligations to protect the privacy of persons...,True,False,,,
204,This framework is useful in situations that ask what sort of person one should be,Virtue Framework,Consequentialist Framework,Duty Framework,Framework,
205,No Identity,Anonymity,,,,
206,The Labor policy in the Philippines is specified mainly by the ____________,Labor Code of the Philippines,Blood Compact,Acts and Bills,Saligang Batas,
207,It enables an individual to capture life's best moments with their phone's camera...,instagram,,,,
208,Encryption and Authentication,Information security,,,,
209,"In many cases, the core competencies are the same for many of the jobs on your resume.",True,False,,,
210,"The Philippine government has not created any institutions, but these have been criticized...",True,False,,,
211,Type of values that reflect on how you relate to other people in your life...,Relationship values,Societal values,Individual values,Organisational values,
212,"Many of the principles expressed by these codes, such as honesty and accuracy, apply to ethical professionals broadly.",True,False,,,
213,It applies the Code of Ethics to a host of relevant situations,Code of Conduct,Code of Ethics,Behavior,Attitude,
214,"In defined benefit plans (sometimes called pension plans), the benefit amount is pre-determined...",True,False,,,
215,List the options that are most acceptable to the individual or group that is most responsible for implementing the action plan,True,False,,,
216,You cannot compel employees to purchase your goods or services or to patronize any store...,Compulsary Patrionage,No Wage Deduction,Insurance,Gender Discrimination,
217,"It goes beyond doing precisely as your expected, and it's more than having a smile on your face...",Customer Service,Asking,Story Telling,Complaining,
218,"The 13th month pay covers only the basic salary of the employee, which does include allowances...",True,False,,,
219,The most common type of employment now is______.,Contractual,Seasonal,Regular,Casual,
220,"To give separation pay such as when termination is due to redundancy, but not when the employer is suffering from severe financial losses",True,False,,,
221,Ethical principles are rules or obligations that guide action.,True,False,,,
222,Policy is made on behalf of the ______________.,Public,Government,Women,Businessmen,
223,Wages should be paid at least once every 2 weeks or twice a month at intervals not exceeding 16 days,Time,Place,Work,Payment,
224,It is an international issue where there are 795 million people who do not have enough to eat.,Malnourishment and Hunger,Unemployment,Poverty,Scarcity,
225,All employees in all establishments and undertakings whether for profit or not are entitled to overtime pay for work rendered beyond eight (8) hours,True,False,,,
226,"It is earned by employees while they work. The three common types of paid time off are holidays, sick leave, and vacation leave.",Paid Time Off,Disability Insurance,Accident Insurance,Educational Plan,
227,"Identifying and acknowledging your own values, assumptions, commitments and biases is a critical process.",Analyze your biases,Identify the uncertainty,Clarify the questions,List the major stakeholders,
228,A professional was someone who derived their income from their expertise or specific talents...,True,False,,,
229,What is a potential cause or situation in which conflicts or misunderstandings can happen?,"Misunderstandings or conflict between different nationalities, religious or ethnic groups cultural ignorance and insensitivity",Differences in societal practice,Awareness of different societal lifestyle practices,Communication and Interpretation,
230,Which is not included in employee benefits?,Groceries,Group Insurances,Retirement Benefits,Sick Leave,
231,"The global temperatures are rising, and are estimated to decrease from 2.6 degrees Celsius to 4.8 degrees Celsius by 2100.",False,True,,,
232,An employer commits sexual harassment when a sexual favor is made as a condition for hiring...,Anti-sexual Harassment law,Prohibition against stipulation of marriage,Probationary Employment,Minimum employable age,
233,Adaptations,Derivative works,,,,
234,One of the advantages of anonymity is that disputes could be solved if information from individuals' party...,False,,,,
235,The moral concept of whistle-blowing is good when the activities involved pose serious danger and harm to human life,True,,,,
236,It is a major cause of poverty considering how it affects the poor the most...,Corruption,Global Warming,Terrorism,Scarcity,
237,An example of a conflict of interest would be a board member voting on the induction of lower premiums...,True,False,,,
238,AIs have the capacity to perform better than the world best experts at many tasks already...,Performance,,,,
239,It is the belief that all moral rules are relative to the society that creates them.,Moral Relativism,Ethical Relativism,Teology,Deontology,
240,There are however no exceptions to these provisions when payment for union dues...,False,True,,,
241,Human Nature can result to a bias environment that AIs might learn from,True,,,,
242,"It might take the form of law, or regulation, or the set of all the laws and regulations that govern a particular issue or problem.",Policy,Bills,Rules,Directions,
243,"It is an invasion of privacy by wrongful entry, seizing, or acquiring possession of the property of others",intrusion,,,,
244,The data that the AI technology is using to train and learn mostly covers all the aspect of human behavior,False,,,,
245,The human errors in coding can be sometimes referred to as,bugs,,,,
246,"In contemporary moral philosophy, it is one of those kinds of normative theories...",Kantian Ethics,Utilitarianism,Relativism,Teological,
247,"It is unreasonable, because it claims that there is no absolute truth yet people still act as if there is.",Moral Relativism,Teological,Ethical Relativism,Deontology,
248,"Both the sender and the receiver each have a pair of keys, one public and one private",asymmetric encryption,,,,
249,Which is not a type of employment?,Student,Casual,Part time,Regular,
250,Creative works,Copyright,,,,
251,It is a form of monetary benefit given to every rank-and-file employee payable before the end of every year...,13th Month Pay,Bonus,Christmas Gift,Sick Leave,
252,The alteration of information may be caused by the disclosure of personal information,False,,,,
253,Which of the following is a purpose of a social networking web site?,All of the Above,,,,
254,With the relationship between the provider and receiver of the service/product present...,True,,,,
255,"A set of legal rights which result from intellectual activity in the industrial, scientific, literary, and artistic fields is called",intellectual property,,,,
256,Teological is a form of ____________________.,Consequentialism,Rule-Based,Ethnical,Relativism,
257,Think about the possible outcomes of the situation...,True,False,,,
258,"Only one class of people or those who are rich, partake in substance abuse...",False,True,,,
259,"Among women who experienced medical complications during pregnancy or delivery, only one in three received the care they needed.",True,False,,,
260,One benefit of duplication is the minimal chance that the primary copy and all distributed copies will be destroyed.,True,False,,,
261,Normally information should be limited to those who need to know in order to conduct their duties...,True,False,,,
262,It is a gender related issue where at least 200 million women and girls alive today have undergone female genital mutilation.,Female Genital Mutilation,Rape,Sexual Assault,Gender Inequality,
263,It is when ethical reasoning remained the same even with the evolution of ethical discipline.,Emotivism,,,,
264,If a Vital Record is in a format only readable by specific equipment...,True,False,,,
265,One relativist slogan is no moral principles are true for all people at all times and in all places.,True,False,,,
266,This is the first and most important step in solving your problem.,Clarify the questions,Identify the uncertainty,List the major stakeholders,Analyze your biases,
267,Professional Codes of Conduct addresses the following except:,Confidentiality and Commitment,,,,
268,It is a principle that can be found at the core of contemporary ethics codes,Self-regulating communities of professionals,Dependent review of research proposals,Selection to society,Balancing of risk to everyone with benefit to one,
269,An AI can achieve its goal without going through consequences,True,,,,
270,Critics of the labor rights movement claim that regulation promoted by labor rights activists may limit opportunities for work.,True,False,,,
271,Is conflict of interest considered professional misconduct?,True,Maybe,No Answer,False,
272,A provider of service should first inquire the customer before an action of service should be done. This statement shows _______.,Autonomy,,,,
273,"As humans tend to follow a life script, an individual's reaction to certain rules of conduct is always intentional.",False,,,,
274,Under time work on any particular day shall not be offset by overtime work on any other day,True,False,,,
275,It is an economic activities offered by one part to another...,Services,Jobs,Serve,Freelance,
276,"Staff, clients/patients/residents and families will never bring their own personal values to a discussion.",False,True,,,
277,Conventional ethical relativism supports the view that the truth of moral principles is relative to beliefs.,True,False,,,
278,"He is one who willingly 'adopts' and consistently applies the knowledge, skills, and values of a chosen profession",Professional,Worker,Employee,Boss,
279,Which among the following has the shortest imprisonment charge,arresto mayor,,,,
280,Which among the following has the longest imprisonment charge,reclusion perpetua,,,,
281,It is the acquisition of a domain name on the Internet in bad faith...,Cybersquatting,,,,
282,"Even with long years of experience, skills based on shallow knowledge of the field could be damaging to the profession",True,,,,
283,"It is a right to distribute, display, perform, or reproduce an original work in copies...",copyright,,,,
284,It describes the ways that people come to understand societal norms and expectations...,True,False,,,
285,Teological's goodness or badness is determined by the results or outcomes,True,False,,,
286,"It refers to the freedom from intrusion into one's personal matters, and personal information.",Privacy,Secretive,Restricted,Confidentiality,
287,"If you're a labor-management specialist, a few of your core competencies would include communication, negotiation and conflict-resolution skills.",True,False,,,
288,"Employees have a responsibility to create and maintain full, accurate and honest records of their work activities...",True,False,,,
289,The key to good customer service is building good relationships with your customers.,True,False,,,
290,One is not known by any name including pseudo names,anonymity,,,,
291,Reckless alteration,Data Interference,,,,
292,It is when an action is right if the consequences of that action are favorable to all except the actor,Altruism,,,,
293,"They cover 38 million Filipinos who belong to the labor force and to some extent, as well as overseas workers.",True,False,,,
294,Reclusion and isolation,Psychological Effects,,,,
295,A man who did something to help others but it is against his will is not considered good. This is an example of _________.,Deontology,,,,
296,This help your company maintain a degree of accountability in the eyes of internal and external stakeholders.,Internal Controls,Build a Learning Culture,Minimize Cost,A Maintain Compliance,
297,Medical insurance alone can cost several hundred dollars a month...,True,False,,,
298,A common domestic-partner benefit is access to family dental insurance...,True,False,,,
299,"Gross misconduct is an employee's behaviour, which is serious enough to potentially destroys the relationship...",True,False,,,
300,Maintaining the status quo by preventing the unauthorized modification of files is an example of,integrity,,,,
301,"Wages should be paid directly to the employee in cash, legal tender, or through a bank.",Payment of Wages,Security of Tenure,Equal Work Opportunities for All,Work Days and Work Hours,
302,"It refers to personal information shared with an attorney, physician, therapist...",Confidentiality,Restricted,Privacy,Secretive,
303,It occurs when a corporation or person becomes unreliable because of a clash between personal and professional affairs.,Conflict of Interest,Loss of Interest,Unprofessionalism,Resignation,
304,One of the contributing factors in the cause of violations is when consumers lack the ethics of how what they consider a little bit of information...,False,,,,
305,"Services have 3 major properties; Intangibility, Inseparability, and Perishability",True,False,,,
306,It behaves like the Constitution with general principles to guide behaviour...,Code of Ethics,Code of Conduct,Attitude,Behavior,
307,A patent claim can be cancelled if it adheres to the public order,False,,,,
308,It means ensuring that information is accessible only to those authorized to have access.,Confidentiality,Professionalism,Integrity,Diligence,
309,"If intimidation and fear of reprisals is present, __________ is good because useful information may be revealed",anonymity,,,,
310,"By providing increased access and flexibility in employee benefits, employers can only recruit but not retain qualified employees",False,True,,,
311,"There are different strands of information to be protected, which does not belong to a group:",Employment Information,,,,
312,Everyone has the right to expect that they will be spoken to in a reasonable manner by colleagues and managers.,True,False,,,
313,"Identify all the rules, guidelines, codes, and obligations that might need to be considered.",True,False,,,
314,Another important aspect to reflect upon are the various individuals and groups who may be affected by your decision.,Consider the parties involved,Formulate actions and consider alternatives,Gather all the relevant information,Recognizing an ethical issue,
315,"Ethics is not religion. Many people are not religious, but ethics applies to everyone.",True,False,,,
316,It is the data left behind by users of electronic media,digital footprint,,,,
317,Professional persons in different fields have legal and ethical responsibilities to safeguard the confidentiality of information...,True,False,,,
318,It is developed over a period of time based on either the religion or culture of the indigenous people in the area.,Community Code,,,,
319,Do not listen to customer complaints.,False,True,,,
320,The minimum employment age is 15 years of age...,Employment of Children,Safe Working Condition,Payment of Wages,Female Employees,
321,"Since morality is culturally based, individuals are bound to live within the guidelines the society lives with",True,,,,
322,It is sometimes referred to as a Value Statement.,Codes of Ethics,Code,Ethics,Ethics and Codes,
323,These are attributes that enable you to perform your job duties,Competencies,Mission,Work,Motivation,
324,It is the most common variety of relativism.,Moral Relativism,Conceptual Relativism,Ethical Relativism,Epistemic Relativism,
325,"If the codes of conduct focuses on rules and guidelines, autonomy focuses on",power balance,,,,
326,"As soon as the minor incident has been brought to attention, it is the duty of the maintenance and secretary...",False,True,,,
327,It is hardware or software used to isolate the sensitive portions of an information system facility from the outside world...,fireworks,,,,
328,These are set of programs that enables its user to gain administrator level access to a computer without the end user's consent or knowledge,rootkit,,,,
329,"Upon the age of 60 years or higher, the employee who has served a company for at least five years may be granted a ________...",Retirement Pay,13th Month Pay,Bonuses,Overtime Pay,
330,When the completion or continuation of work started before the 8th hour is necessary to prevent serious obstruction...,True,False,,,
331,"Due to the decreasing number of regulations and need for operational transparency, organizations are increasingly adopting...",False,True,,,
332,"It is the ability of an individual or group to seclude themselves, or information about themselves...",Privacy,Secret,Restriction,Confidentiality,
333,It is a disciplined group of individuals who adhere to ethical standards...,Profession,Government,Work,Company,
334,"When we use our _______ to make decisions, we make a deliberate choice to focus on what is important to us.",Values,Heart,Brain,Instinct,
335,Breaching confidentiality is considered professional misconduct.,True,False,,,
336,For formal education to be effective in teaching and enforcing the pillars of professionalism it must be _________,Incremental,,,,
337,It plays a vital role during the length of time that an official position is occupied...,Accountability,Greed,Integrity,Objectivity,
338,It is an international issue where more than 72 million children throughout the globe that are of the age to be in primary education are not enrolled...,Lack of Education,Unemployment,Gender Inequality,Racism,
339,All Utilitarians would abide by the principle of producing the most good with the least harm,True,False,,,
340,Ethics codes are as old as antiquity.,True,False,,,
341,Which is not true about the word profession?,"Since the beginning, there is an emphasis on intellectual capabilities for membership in a group as it is deemed important",,,,
342,Any pregnant woman employee who has worked with the company for at least six months will be granted____________...,Maternity Leave,Vacation Leave,Paternity Leave,Sick Leave,
343,"Sensors, Security Lighting and Natural Trees",Physical Security Barriers,,,,
344,It is the discipline dealing with what is good and bad and with moral duty and obligation,Ethics,Policy,Social Standards,Laws,
345,"In Kantian, whether an action is right or wrong depends on the moral norms of the society in which it is practiced",False,True,,,
346,"As a legal term, secrecy refers to a duty of an individual to refrain from sharing confidential information with others...",False,True,,,
347,Unauthorized ways,Cyberpiracy,,,,
348,Professionals habitually work directly with their clients rather than through intermediaries or proxies.,Direct working relationship,Autonomy,Clients rather than customer,Great Responsibility,
349,Which of the following is not an example of service industry?,None of the below,Transport and Storage,Real Estate,Insurance and Banking,
350,"The skill, good judgment and polite behavior that is expected from a person who is trained to do a job well.",Professionalism,Utilitarianism,Traditionalism,Fundamentalism,
351,Licensees shall not agree to requests by participants in a parenting plan evaluation that information shared with the licensee be concealed.,True,Maybe,False,No Answer,
352,"It includes sexual harassment and sexual violence, which is included as part of sexual harassment.",Sexual Misconduct,Arson,Robbery,Assault,
353,"An enthusiastic and informal answer simply won't work for a formal and annoyed customer, even if it's correct.",Communication Skills,Honesty,Imagination,Resourcefulness,
354,Part of good judgment is also not overreacting or reacting emotionally in highly tense situations.,True,False,,,
355,"It is the harassment, torment, humiliation, or threatening of one minor by another minor or group of minors...",Cyberbullying,,,,
356,Dental and optical care might be offered as part of an overall medical insurance package.,True,False,,,
357,The danger with information matching is that no one knows who will use the built profiles...,True,,,,
358,"While confidentiality is an ethical duty, privacy is a right rooted in common law.",True,False,,,
359,It protects your family in case you die. Benefits are paid all at once to the beneficiaries of the policy...,Life Insurance,Disability Insurance,Accident Insurance,Educational Plan,
360,"It refers to personal information shared with an attorney, physician, therapist... (second instance)",Confidentiality,Restricted,Secretive,Privacy,
361,Under what condition can data collections become an invasion of privacy?,when information is used for unauthorized purposes,,,,
362,Competence means attaining and maintaining an adequate level of knowledge and skill...,True,False,,,
363,It may arise whenever there are cultural differences. It happens when you work with people from culturally diverse backgrounds.,Cross-cultural misunderstanding,Personal conflicts,Cultural discrimination,Racism,
364,Relativism theorizes that truth is different for different people...,True,False,,,
365,Which statement is true about Artificial Intelligence?,Both Statements are True,,,,
366,When overtime work is necessary to avail of favorable weather or environmental conditions...,True,False,,,
367,"In Spear-phishing, con artists send legitimate looking e-mails urging the recipient to take action...",False,,,,
368,Shapes cannot be registered as trademarks if the shapes are not necessitated by technical factors,True,,,,
369,Fairness is the provision of services in a reasonably prompt and thorough manner...,True,False,,,
370,Your skills will only take you so far unless you also display other aspects of professionalism.,True,False,,,
371,"Seven days leave with pay for every year of service, on top of other leave privileges...",SPL,Paternity Leave,Vacation Leave,Sick Leave,
372,Providing responses and solutions quickly is the speed at which your customer service operates...,True,False,,,
373,How many principles of public life are discussed?,Seven,Two,Five,Six,
374,The period should not exceed six (6) months from the date the employee started working...,Probationary Employment,Minimum employable age,Prohibition against stipulation of marriage,Anti-sexual Harassment law,
375,"It includes the integrity, confidentiality, and availability of information at the servers",information security,,,,
376,One of the contributing factors in the cause of violations is when consumers lack the knowledge...,True,,,,
377,It is the application of data mining techniques to discover patterns from the Web,web mining,,,,
378,It is a type of offense when an individual accesses the whole or part of a computer system without permission or right,illegal access,,,,
379,It's also important to note that suspension should not be seen as a sanction.,True,False,,,
380,"The longer a problem persists, the more of a nuisance it is for the customer.",Customer,Leadership,Seller,Employer,
381,We often use the terms 'confidentiality' and 'privacy' interchangeably in our everyday lives...,True,False,,,
382,The unlawful entry of a structure to commit a felony or theft.,Burglary,Domestic Violence,Arson,Assault,
383,When we try to identify the character traits (either positive or negative) that might motivate us...,Virtue Framework,Duty Framework,Framework,Consequentialist Framework,
384,It describes the goal that organizations aspire to achieve in their efforts to ensure that they are aware of and take steps to comply with relevant laws...,Regulatory Compliance,Ethical Compliance,Lawful Compliance,Compliance,
385,This is another term for large commercial databases,data warehouse,,,,
386,All of the statements are true about the first requirement of a Patent Work except:,It must serve a basic purpose,,,,
387,"As the social network grows, it tends to lose the nuances of a local system...",True,,,,
388,The owner of a patent has no right to prevent third parties from using the patented product if it has been put on the market by the owner...,True,,,,
389,When we focus on the duties and obligations that we have in a given situation...,Duty Framework,Framework,Consequentialist Framework,Virtue Framework,
390,"It is difficult for some employees to voice, but these opinions are a vital part of improving quality.",Constructive Feedback,Leadership,Submitting Ideas,Staying Silent,
391,When we focus on the future effects of the possible courses of action...,Consequentialist Framework,Framework,Virtue Framework,Duty Framework,
392,It refers to standards of behavior that tell us how human beings ought to act...,Ethics,Conduct,Behavior,Work,
393,Penetration can be done with or without the use of the internet,True,,,,
394,It aims to establish the highest principles and standards.,Codes of Ethics,Ethics,Ethics and Codes,Codela,
395,Morality is enforced by the authority that enacted them and security forces,False,,,,
396,"He wrote 'If men were angels, no government would be necessary...'",James Madison,James Madrigal,Jay Madison,Jay Madrigal,
397,These are written in response to contemporary conditions...,Ethical Codes,Bills,Laws,Policies,
398,Legal acts conform to what an individual believes to be the right thing to do.,False,,,,
399,Type of values that reflect on how your organisation shows up and operates in the world.,Organisational values,Individual values,Relationship values,Societal values,
400,Listening in to other people's conversations is an example of what privacy violation?,Interception of Information,,,,
401,Determining customer behavior and preferences,Prediction,,,,
402,"It is simply, what you believe about the educational process...",Philosophical Framework,Beliefs,Policy,Ethics,
403,"Now that you've considered the dilemma and your own position on it, think about the question a little further.",Clarify the questions,Identify the uncertainty,Analyze your biases,List the major stakeholders,
404,"It is one of the most difficult global issues to combat, as the umbrella term refers to ocean litter...",Pollution,Terrorism,Crimes,Interior Risk,
405,It may arise whenever there are cultural differences... (second instance),Cross-cultural misunderstanding,Racism,Personal conflicts,Cultural discrimination,
406,Fringe benefits are a variety of cash payments are used to attract and retain talented employees...,True,False,,,
407,Instilling fear and doubt and compromising the integrity of the data can lead to,extortion,,,,
408,It involve dual relationships; one person in a position in one relationship and a relationship in another situation,Conflict of Interest,Unethical Profession,Gross Misconduct,Professional Misconduct,
409,It demands honesty and candor which must not be subordinated to personal gain and advantage.,Objectivity,Integrity,Competence,Fairness,
